{
    "cex-cache-try-all": 0.08173347,
    "max-static-solve-pct": 0.20554275,
    "only-seed": 0.08237831,
    "max-static-cpsolve-pct": 0.12316443999999999,
    "seed-time": 0.10930037999999999,
    "dump-states-on-halt": 0.00451388,
    "max-sym-array-size": 0.63710192,
    "named-seed-matching": 0.10930037999999999,
    "max-static-fork-pct": 0.13670607999999998,
    "cex-cache-superset": 0.08108863,
    "use-construct-hash-stp": 0.12155233999999998,
    "all-external-warnings": 0.12155233999999998,
    "seed-dir": 0.12090749999999999,
    "array-value-symb-ratio": 0.08350677999999999,
    "max-forks": 0.20328580999999996,
    "output-module": 0.06851425,
    "max-stack-frames": 0.12155233999999998,
    "smtlib-display-constants": 0.13396550999999998,
    "uncovered-update-interval": 0.12155233999999998,
    "disable-internalize": 0.10817191,
    "warnings-only-to-file": 0.12155233999999998,
    "use-call-paths": 0.07996015999999999,
    "output-stats": 0.08640856,
    "use-branch-cache": 0.12155233999999998,
    "suppress-external-warnings": 0.12171354999999999,
    "check-div-zero": 0.08028257999999999,
    "disable-verify": 0.07996015999999999,
    "search": 0.14911924999999998,
    "exit-on-error-type": 0.12090749999999999,
    "allocate-determ-start-address": 0.12155233999999998,
    "emit-all-errors": 0.06593489,
    "disable-inlining": 0.06674094,
    "redzone-size": 0.10446407999999999,
    "return-null-on-zero-malloc": 0.07173845,
    "zero-seed-extension": 0.12316443999999999,
    "batch-time": 0.10672101999999999,
    "max-memory-inhibit": 0.06851425,
    "max-static-cpfork-pct": 0.08608613999999999,
    "const-array-opt": 0.14976409,
    "use-constant-arrays": 0.08237831,
    "cex-cache-exp": 0.06851425,
    "ignore-solver-failures": 0.08237831,
    "track-instruction-time": 0.12090749999999999,
    "allocate-determ-size": 0.10720465,
    "verify-each": 0.08318436,
    "use-forked-solver": 1.6120999999999999,
    "silent-klee-assume": 0.10881675,
    "smtlib-human-readable": 0.12155233999999998,
    "always-output-seeds": 0.13396550999999998,
    "check-overshift": 0.12977405,
    "switch-type": 0.06754698999999999,
    "max-tests": 0.13396550999999998,
    "max-memory": 0.08237831,
    "use-incomplete-merge": 0.13525519,
    "equality-substitution": 0.060614959999999996,
    "max-solver-time": 0.08237831,
    "use-batching-search": 1.38124728,
    "use-cex-cache": 0.05561745,
    "output-source": 0.08173347,
    "use-visitor-hash": 0.0,
    "batch-instructions": 0.07238329,
    "use-iterative-deepening-time-search": 0.06851425,
    "max-depth": 0.12090749999999999,
    "simplify-sym-indices": 0.09656479,
    "readable-posix-inputs": 0.12219718,
    "solver-optimize-divides": 0.13590002999999998,
    "use-independent-solver": 0.011929539999999999,
    "optimize-array": 0.06851425,
    "use-merge": 0.15492281,
    "smtlib-abbreviation-mode": 0.08350677999999999,
    "klee-call-optimisation": 0.12155233999999998,
    "array-value-ratio": 0.08237831,
    "default": 0.1515374
}