{
    "output-module": 0.04844598,
    "search": 0.09749253000000001,
    "max-static-solve-pct": 0.05825529,
    "use-forked-solver": 2.0019,
    "max-static-fork-pct": 0.04844598,
    "disable-inlining": 0.049246740000000004,
    "readable-posix-inputs": 0.05425149,
    "use-constant-arrays": 0.046844460000000004,
    "cex-cache-exp": 0.04844598,
    "disable-internalize": 0.049246740000000004,
    "emit-all-errors": 0.04904655,
    "exit-on-error": 0.029427929999999998,
    "array-value-ratio": 0.04844598,
    "dump-states-on-halt": 0.0,
    "smtlib-display-constants": 0.05044788,
    "verify-each": 0.04844598,
    "use-incomplete-merge": 0.05044788,
    "batch-instructions": 0.04844598,
    "smtlib-human-readable": 0.05044788,
    "use-call-paths": 0.049246740000000004,
    "use-iterative-deepening-time-search": 0.04904655,
    "switch-type": 0.04844598,
    "allocate-determ": 0.05044788,
    "seed-time": 0.04844598,
    "max-tests": 0.048846360000000005,
    "silent-klee-assume": 0.049246740000000004,
    "simplify-sym-indices": 0.04904655,
    "use-independent-solver": 0.03042888,
    "check-div-zero": 0.04844598,
    "max-memory-inhibit": 0.049246740000000004,
    "max-forks": 0.049246740000000004,
    "disable-verify": 0.049246740000000004,
    "optimize-array": 0.05044788,
    "use-cex-cache": 0.0540513,
    "allocate-determ-size": 0.05044788,
    "redzone-size": 0.05044788,
    "output-source": 0.049647119999999996,
    "klee-call-optimisation": 0.05665377,
    "warnings-only-to-file": 0.049246740000000004,
    "ignore-solver-failures": 0.05044788,
    "max-depth": 0.049246740000000004,
    "max-sym-array-size": 0.049246740000000004,
    "all-external-warnings": 0.05044788,
    "max-static-cpsolve-pct": 0.049647119999999996,
    "max-solver-time": 0.049647119999999996,
    "always-output-seeds": 0.049246740000000004,
    "max-static-cpfork-pct": 0.06566232000000001,
    "track-instruction-time": 0.05044788,
    "equality-substitution": 0.03042888,
    "allocate-determ-start-address": 0.04764522,
    "zero-seed-extension": 0.05044788,
    "cex-cache-try-all": 0.05044788,
    "use-visitor-hash": 0.04844598,
    "smtlib-abbreviation-mode": 0.05044788,
    "cex-cache-superset": 0.05825529,
    "suppress-external-warnings": 0.04844598,
    "max-stack-frames": 0.05044788,
    "use-batching-search": 0.05044788,
    "use-fast-cex-solver": 0.054651870000000005,
    "uncovered-update-interval": 0.049246740000000004,
    "only-seed": 0.049246740000000004,
    "use-branch-cache": 0.05044788,
    "seed-dir": 0.11470886999999999,
    "max-memory": 0.04844598,
    "solver-optimize-divides": 0.04844598,
    "use-construct-hash-stp": 0.049647119999999996,
    "use-merge": 0.041038950000000005,
    "exit-on-error-type": 0.04904655,
    "named-seed-matching": 0.049647119999999996,
    "batch-time": 0.05044788,
    "const-array-opt": 0.04904655,
    "output-stats": 0.049647119999999996,
    "check-overshift": 0.05044788,
    "array-value-symb-ratio": 0.05044788,
    "return-null-on-zero-malloc": 0.04904655,
    "default": 0.05044788
}