{
    "switch-type": 0.37160832,
    "dump-states-on-halt": 0.0,
    "seed-dir": 0.19881846000000003,
    "use-construct-hash-stp": 0.18300108,
    "cex-cache-try-all": 0.18019800000000002,
    "exit-on-error": 0.08609460000000001,
    "equality-substitution": 0.08068866000000001,
    "simplify-sym-indices": 0.17539272,
    "solver-optimize-divides": 0.17539272,
    "search": 1.07758404,
    "zero-seed-extension": 0.18179976000000003,
    "suppress-external-warnings": 0.17859624000000002,
    "disable-internalize": 0.1751925,
    "klee-call-optimisation": 0.20262264000000002,
    "output-stats": 0.17539272,
    "cex-cache-exp": 0.18099888,
    "allocate-determ-size": 0.17539272,
    "max-stack-frames": 0.17479206000000003,
    "use-call-paths": 0.18099888,
    "batch-time": 0.17479206000000003,
    "max-static-fork-pct": 0.1952145,
    "batch-instructions": 0.18780636,
    "max-tests": 0.17599338000000003,
    "emit-all-errors": 0.19281186,
    "max-static-solve-pct": 0.19181076000000002,
    "array-value-ratio": 0.17539272,
    "use-incomplete-merge": 0.18840702000000004,
    "warnings-only-to-file": 0.17979756000000002,
    "named-seed-matching": 0.18460284000000002,
    "redzone-size": 0.17379096000000002,
    "use-constant-arrays": 0.1741914,
    "max-sym-array-size": 0.18900768,
    "max-solver-time": 0.1741914,
    "silent-klee-assume": 0.1741914,
    "all-external-warnings": 0.47992734000000004,
    "use-cex-cache": 0.10111110000000002,
    "cex-cache-superset": 0.33256542000000006,
    "optimize-array": 0.17759514,
    "use-fast-cex-solver": 0.47652360000000005,
    "smtlib-display-constants": 0.17999778,
    "const-array-opt": 0.18059844000000003,
    "ignore-solver-failures": 0.1741914,
    "max-depth": 0.17859624000000002,
    "max-forks": 0.24647082000000003,
    "use-independent-solver": 0.05285808,
    "use-visitor-hash": 0.18099888,
    "seed-time": 0.18540372000000002,
    "exit-on-error-type": 0.17859624000000002,
    "uncovered-update-interval": 0.17459184000000003,
    "output-source": 0.1882068,
    "allocate-determ": 0.1811991,
    "return-null-on-zero-malloc": 0.17759514,
    "check-div-zero": 0.18159954000000003,
    "use-forked-solver": 1.1859030600000002,
    "track-instruction-time": 0.18159954000000003,
    "max-static-cpsolve-pct": 0.17859624000000002,
    "always-output-seeds": 0.17979756000000002,
    "check-overshift": 0.17499228000000003,
    "use-batching-search": 2.0022,
    "max-memory": 0.17659404,
    "output-module": 0.18660504000000003,
    "smtlib-abbreviation-mode": 0.18159954000000003,
    "disable-inlining": 0.1892079,
    "verify-each": 0.18680526,
    "array-value-symb-ratio": 0.17258964000000002,
    "only-seed": 0.18079866000000003,
    "readable-posix-inputs": 0.17479206000000003,
    "max-memory-inhibit": 0.1731903,
    "use-branch-cache": 0.17639382,
    "smtlib-human-readable": 0.17339052000000002,
    "disable-verify": 0.18600438000000002,
    "max-static-cpfork-pct": 0.17779536,
    "use-merge": 0.5766336,
    "default": 0.17258964000000002
}