{
    "seed-time": 0.3658742,
    "max-memory-inhibit": 0.3742805,
    "output-stats": 0.37047765,
    "check-div-zero": 0.3014259,
    "always-output-seeds": 0.4167123,
    "max-depth": 0.30162605000000003,
    "simplify-sym-indices": 0.36967705,
    "max-forks": 0.36747540000000006,
    "max-static-cpsolve-pct": 0.36967705,
    "use-constant-arrays": 0.52099045,
    "use-fast-cex-solver": 0.5119837,
    "max-memory": 0.36887644999999997,
    "max-static-solve-pct": 0.37207885,
    "use-construct-hash-stp": 0.3574679,
    "check-overshift": 0.3046283,
    "max-sym-array-size": 0.38228650000000003,
    "zero-seed-extension": 0.36747540000000006,
    "const-array-opt": 0.37047765,
    "suppress-external-warnings": 0.3038277,
    "use-incomplete-merge": 0.37207885,
    "allocate-determ": 0.37207885,
    "uncovered-update-interval": 0.36487345,
    "use-forked-solver": 0.41791320000000004,
    "named-seed-matching": 0.29922424999999997,
    "max-tests": 0.30642965000000005,
    "use-call-paths": 0.30843115,
    "smtlib-display-constants": 0.36967705,
    "search": 0.43432550000000003,
    "all-external-warnings": 0.29922424999999997,
    "disable-internalize": 0.30362755,
    "dump-states-on-halt": 0.0,
    "use-cex-cache": 0.3810856,
    "use-independent-solver": 0.24018,
    "use-visitor-hash": 0.29922424999999997,
    "array-value-symb-ratio": 0.29922424999999997,
    "optimize-array": 0.4167123,
    "array-value-ratio": 0.36967705,
    "silent-klee-assume": 0.29922424999999997,
    "use-batching-search": 0.40050015,
    "redzone-size": 0.35146340000000004,
    "seed-dir": 0.42051515,
    "output-module": 0.3658742,
    "batch-instructions": 0.29922424999999997,
    "disable-inlining": 0.30723025,
    "cex-cache-superset": 0.87005205,
    "use-branch-cache": 0.30522875,
    "cex-cache-try-all": 1.3486107,
    "allocate-determ-size": 0.30162605000000003,
    "only-seed": 0.41891395000000003,
    "klee-call-optimisation": 0.37047765,
    "use-merge": 0.2998247,
    "max-stack-frames": 0.36407285,
    "return-null-on-zero-malloc": 0.3046283,
    "max-static-fork-pct": 0.2982235,
    "max-solver-time": 0.29922424999999997,
    "readable-posix-inputs": 2.0015,
    "ignore-solver-failures": 0.3742805,
    "smtlib-abbreviation-mode": 0.36487345,
    "warnings-only-to-file": 0.36967705,
    "disable-verify": 0.37207885,
    "max-static-cpfork-pct": 0.3062295,
    "verify-each": 0.29922424999999997,
    "exit-on-error-type": 0.30002485,
    "switch-type": 0.29922424999999997,
    "track-instruction-time": 0.3710781,
    "smtlib-human-readable": 0.30002485,
    "solver-optimize-divides": 0.29922424999999997,
    "batch-time": 0.3710781,
    "output-source": 0.37207885,
    "cex-cache-exp": 0.36487345,
    "use-iterative-deepening-time-search": 0.30002485,
    "emit-all-errors": 0.37368005000000004,
    "exit-on-error": 0.0,
    "equality-substitution": 0.5780332,
    "default": 0.36967705
}