{
    "solver-optimize-divides": 0.05087111999999999,
    "disable-inlining": 0.0490686,
    "verify-each": 0.05367503999999999,
    "max-memory": 0.05367503999999999,
    "max-forks": 0.06449015999999999,
    "cex-cache-exp": 0.056078399999999994,
    "const-array-opt": 0.05107139999999999,
    "max-sym-array-size": 0.41097455999999993,
    "smtlib-human-readable": 0.05087111999999999,
    "switch-type": 0.05527727999999999,
    "search": 2.0027999999999997,
    "only-seed": 0.05087111999999999,
    "use-incomplete-merge": 0.051672239999999994,
    "max-stack-frames": 0.05447615999999999,
    "use-iterative-deepening-time-search": 0.05327447999999999,
    "cex-cache-superset": 0.056078399999999994,
    "check-div-zero": 0.05087111999999999,
    "output-stats": 0.38754179999999994,
    "use-constant-arrays": 0.047666639999999996,
    "output-module": 0.05207279999999999,
    "use-batching-search": 0.34327991999999996,
    "max-static-solve-pct": 0.07810919999999999,
    "silent-klee-assume": 0.05087111999999999,
    "smtlib-display-constants": 0.05447615999999999,
    "array-value-ratio": 0.05247336,
    "max-static-cpfork-pct": 0.07810919999999999,
    "max-depth": 0.05247336,
    "use-independent-solver": 0.0080112,
    "track-instruction-time": 0.05087111999999999,
    "max-memory-inhibit": 0.05147195999999999,
    "batch-time": 0.05327447999999999,
    "simplify-sym-indices": 0.05327447999999999,
    "smtlib-abbreviation-mode": 0.05147195999999999,
    "use-merge": 1.04806524,
    "return-null-on-zero-malloc": 0.05087111999999999,
    "disable-internalize": 0.05127167999999999,
    "all-external-warnings": 0.050069999999999996,
    "ignore-solver-failures": 0.04946915999999999,
    "equality-substitution": 0.01942716,
    "use-forked-solver": 1.27958892,
    "array-value-symb-ratio": 0.051672239999999994,
    "zero-seed-extension": 0.04886831999999999,
    "uncovered-update-interval": 0.051672239999999994,
    "use-fast-cex-solver": 0.05087111999999999,
    "readable-posix-inputs": 0.06048455999999999,
    "max-tests": 0.05087111999999999,
    "check-overshift": 0.050069999999999996,
    "always-output-seeds": 0.05367503999999999,
    "use-cex-cache": 0.01582212,
    "max-static-cpsolve-pct": 0.05087111999999999,
    "warnings-only-to-file": 0.047666639999999996,
    "seed-dir": 1.1185637999999998,
    "max-solver-time": 0.05327447999999999,
    "named-seed-matching": 0.05087111999999999,
    "exit-on-error-type": 0.05207279999999999,
    "seed-time": 0.05327447999999999,
    "disable-verify": 0.04846775999999999,
    "emit-all-errors": 0.05087111999999999,
    "suppress-external-warnings": 0.05207279999999999,
    "use-branch-cache": 0.05087111999999999,
    "klee-call-optimisation": 0.05187251999999999,
    "use-construct-hash-stp": 0.05467643999999999,
    "max-static-fork-pct": 0.054075599999999995,
    "cex-cache-try-all": 0.052673639999999994,
    "batch-instructions": 0.051672239999999994,
    "output-source": 0.051672239999999994,
    "exit-on-error": 0.0074103599999999995,
    "dump-states-on-halt": 0.0,
    "optimize-array": 0.04946915999999999,
    "use-call-paths": 0.05247336,
    "use-visitor-hash": 0.05447615999999999,
    "redzone-size": 0.05247336,
    "default": 0.050069999999999996
}