{
    "cex-cache-superset": 0.0,
    "disable-internalize": 0.17887683,
    "const-array-opt": 0.10976988,
    "max-depth": 0.0,
    "max-forks": 0.11137235999999999,
    "verify-each": 0.09214259999999999,
    "switch-type": 0.0,
    "max-memory": 0.16565636999999997,
    "silent-klee-assume": 0.10976988,
    "max-static-cpsolve-pct": 0.10976988,
    "use-independent-solver": 0.04046262,
    "max-static-cpfork-pct": 0.16966256999999998,
    "cex-cache-try-all": 0.10956956999999999,
    "only-seed": 0.10976988,
    "use-forked-solver": 0.16765946999999998,
    "seed-dir": 0.08292833999999999,
    "exit-on-error": 0.00921426,
    "klee-call-optimisation": 0.17767497,
    "use-call-paths": 0.17787528,
    "use-cex-cache": 0.048675329999999996,
    "dump-states-on-halt": 0.0,
    "disable-inlining": 0.17507094,
    "array-value-ratio": 0.10856801999999999,
    "max-sym-array-size": 0.77379753,
    "named-seed-matching": 0.09594849,
    "simplify-sym-indices": 0.11397639,
    "ignore-solver-failures": 0.12399188999999998,
    "disable-verify": 0.10656492,
    "check-overshift": 0.10836770999999999,
    "output-source": 0.10856801999999999,
    "max-static-fork-pct": 0.10856801999999999,
    "optimize-array": 0.17046381,
    "solver-optimize-divides": 0.1121736,
    "search": 2.0031,
    "allocate-determ": 0.09374508,
    "use-branch-cache": 0.11237391,
    "zero-seed-extension": 0.10976988,
    "allocate-determ-size": 0.09094074,
    "output-stats": 0.17166567,
    "output-module": 0.09094074,
    "smtlib-abbreviation-mode": 0.1121736,
    "max-stack-frames": 0.15463932,
    "use-merge": 0.1862883,
    "use-visitor-hash": 0.0,
    "batch-time": 0.11137235999999999,
    "always-output-seeds": 0.10976988,
    "warnings-only-to-file": 0.11097173999999999,
    "max-solver-time": 0.18528675,
    "array-value-symb-ratio": 0.11137235999999999,
    "equality-substitution": 0.07311314999999999,
    "batch-instructions": 0.10075593,
    "use-construct-hash-stp": 0.11157267,
    "all-external-warnings": 0.10856801999999999,
    "redzone-size": 0.10976988,
    "cex-cache-exp": 0.09715035,
    "suppress-external-warnings": 0.09594849,
    "emit-all-errors": 0.1121736,
    "max-memory-inhibit": 0.10856801999999999,
    "max-static-solve-pct": 0.6694360199999999,
    "smtlib-human-readable": 0.10976988,
    "return-null-on-zero-malloc": 0.10976988,
    "use-batching-search": 0.028844639999999998,
    "seed-time": 0.16705854,
    "track-instruction-time": 0.10976988,
    "uncovered-update-interval": 0.10856801999999999,
    "readable-posix-inputs": 0.4587099,
    "use-incomplete-merge": 0.10976988,
    "smtlib-display-constants": 0.09094074,
    "max-tests": 0.10976988,
    "use-constant-arrays": 0.09474663,
    "exit-on-error-type": 0.10976988,
    "use-fast-cex-solver": 0.09634910999999999,
    "check-div-zero": 0.09835221,
    "default": 0.12238940999999999
}