{
    "use-iterative-deepening-time-search": 0.049647119999999996,
    "only-seed": 0.049647119999999996,
    "ignore-solver-failures": 0.0,
    "verify-each": 0.043841609999999996,
    "warnings-only-to-file": 0.04944693,
    "batch-time": 0.04944693,
    "exit-on-error": 0.010610070000000001,
    "klee-call-optimisation": 0.04944693,
    "exit-on-error-type": 0.049647119999999996,
    "cex-cache-superset": 0.04944693,
    "output-module": 0.051048449999999995,
    "max-sym-array-size": 0.049246740000000004,
    "optimize-array": 0.049647119999999996,
    "cex-cache-try-all": 0.0016015200000000002,
    "use-fast-cex-solver": 0.09489006,
    "track-instruction-time": 0.049647119999999996,
    "use-construct-hash-stp": 0.049647119999999996,
    "smtlib-human-readable": 0.04944693,
    "all-external-warnings": 0.04944693,
    "switch-type": 0.04904655,
    "search": 2.0019,
    "max-static-fork-pct": 0.0640608,
    "allocate-determ-start-address": 0.049647119999999996,
    "simplify-sym-indices": 0.051048449999999995,
    "equality-substitution": 0.0480456,
    "use-branch-cache": 0.05525244,
    "use-independent-solver": 0.017616720000000002,
    "batch-instructions": 0.049246740000000004,
    "array-value-ratio": 0.049647119999999996,
    "max-memory": 0.056453579999999996,
    "max-static-solve-pct": 0.08187770999999999,
    "allocate-determ": 0.04944693,
    "readable-posix-inputs": 0.06426098999999999,
    "return-null-on-zero-malloc": 0.049647119999999996,
    "use-cex-cache": 0.0240228,
    "output-stats": 0.05565282,
    "const-array-opt": 0.05084826,
    "always-output-seeds": 0.049647119999999996,
    "allocate-determ-size": 0.049647119999999996,
    "use-constant-arrays": 0.049647119999999996,
    "emit-all-errors": 0.04944693,
    "max-depth": 0.049647119999999996,
    "max-memory-inhibit": 0.04944693,
    "suppress-external-warnings": 0.049647119999999996,
    "max-solver-time": 0.04944693,
    "disable-inlining": 0.7324952100000001,
    "dump-states-on-halt": 0.009609119999999999,
    "disable-verify": 0.049647119999999996,
    "check-div-zero": 0.050648069999999996,
    "cex-cache-exp": 0.04944693,
    "seed-dir": 1.73744901,
    "array-value-symb-ratio": 0.049647119999999996,
    "max-tests": 0.049647119999999996,
    "named-seed-matching": 0.04944693,
    "smtlib-abbreviation-mode": 0.04944693,
    "solver-optimize-divides": 0.049647119999999996,
    "seed-time": 0.049647119999999996,
    "check-overshift": 0.04944693,
    "use-visitor-hash": 0.04944693,
    "use-call-paths": 0.04944693,
    "redzone-size": 0.049647119999999996,
    "smtlib-display-constants": 0.049647119999999996,
    "max-stack-frames": 0.049647119999999996,
    "use-merge": 1.02717489,
    "silent-klee-assume": 0.049647119999999996,
    "output-source": 0.04944693,
    "disable-internalize": 0.04944693,
    "use-forked-solver": 0.14593851000000002,
    "use-incomplete-merge": 0.048846360000000005,
    "use-batching-search": 1.66217757,
    "zero-seed-extension": 0.04944693,
    "max-forks": 0.14153432999999999,
    "uncovered-update-interval": 0.054451679999999995,
    "max-static-cpfork-pct": 0.07387011,
    "max-static-cpsolve-pct": 0.04944693,
    "default": 0.049647119999999996
}