{
    "named-seed-matching": 0.026423760000000004,
    "max-memory": 0.026824120000000003,
    "silent-klee-assume": 0.025823220000000004,
    "const-array-opt": 0.027024300000000005,
    "track-instruction-time": 0.017215480000000002,
    "max-static-solve-pct": 0.02762484,
    "return-null-on-zero-malloc": 0.026824120000000003,
    "disable-verify": 0.025823220000000004,
    "smtlib-abbreviation-mode": 0.026824120000000003,
    "readable-posix-inputs": 0.028625740000000004,
    "zero-seed-extension": 0.025022500000000003,
    "use-call-paths": 0.029026100000000006,
    "verify-each": 0.031228080000000002,
    "use-visitor-hash": 0.024221780000000002,
    "exit-on-error-type": 0.024822320000000002,
    "max-solver-time": 0.014613140000000002,
    "only-seed": 0.025623040000000003,
    "output-source": 0.015213680000000002,
    "smtlib-human-readable": 0.027825020000000002,
    "use-incomplete-merge": 0.025222680000000004,
    "max-stack-frames": 0.026623940000000002,
    "max-tests": 0.025823220000000004,
    "cex-cache-superset": 0.017816020000000002,
    "allocate-determ": 0.015614040000000001,
    "all-external-warnings": 0.027825020000000002,
    "disable-internalize": 0.025022500000000003,
    "seed-time": 0.024622140000000004,
    "use-forked-solver": 0.19937928000000002,
    "max-static-cpsolve-pct": 0.026423760000000004,
    "cex-cache-try-all": 0.028425560000000006,
    "use-cex-cache": 0.0026023400000000003,
    "uncovered-update-interval": 0.023220880000000003,
    "solver-optimize-divides": 0.025623040000000003,
    "suppress-external-warnings": 0.024421960000000003,
    "redzone-size": 0.027024300000000005,
    "simplify-sym-indices": 0.0180162,
    "use-constant-arrays": 0.012210980000000001,
    "array-value-ratio": 0.025623040000000003,
    "always-output-seeds": 0.026623940000000002,
    "max-static-cpfork-pct": 0.028625740000000004,
    "klee-call-optimisation": 0.03282952000000001,
    "check-div-zero": 0.026023400000000002,
    "use-construct-hash-stp": 0.024221780000000002,
    "use-branch-cache": 0.026423760000000004,
    "search": 2.0018000000000002,
    "allocate-determ-size": 0.023821420000000006,
    "equality-substitution": 0.0090081,
    "max-static-fork-pct": 0.029226280000000004,
    "allocate-determ-start-address": 0.024221780000000002,
    "emit-all-errors": 0.018816920000000004,
    "check-overshift": 0.02762484,
    "max-memory-inhibit": 0.024822320000000002,
    "output-stats": 0.024622140000000004,
    "output-module": 0.029626640000000006,
    "batch-time": 0.027024300000000005,
    "cex-cache-exp": 0.026423760000000004,
    "ignore-solver-failures": 0.025422860000000002,
    "dump-states-on-halt": 0.0,
    "warnings-only-to-file": 0.025022500000000003,
    "seed-dir": 0.03182862000000001,
    "smtlib-display-constants": 0.013612240000000001,
    "max-depth": 0.025022500000000003,
    "switch-type": 0.06726048,
    "use-batching-search": 0.10049036000000001,
    "use-merge": 0.029226280000000004,
    "max-forks": 0.23621240000000002,
    "max-sym-array-size": 0.026824120000000003,
    "use-independent-solver": 0.0016014400000000002,
    "disable-inlining": 0.02942646,
    "array-value-symb-ratio": 0.024221780000000002,
    "batch-instructions": 0.024822320000000002,
    "default": 0.028625740000000004
}