{
    "use-branch-cache": 0.07907505000000001,
    "max-forks": 0.24763503,
    "disable-verify": 0.08067657,
    "batch-time": 0.0640608,
    "max-sym-array-size": 0.32430780000000003,
    "zero-seed-extension": 0.06746403000000001,
    "output-source": 0.07987580999999999,
    "disable-inlining": 0.07467087,
    "use-batching-search": 1.07842353,
    "track-instruction-time": 0.08027619,
    "solver-optimize-divides": 0.06766422,
    "simplify-sym-indices": 0.08748303,
    "ignore-solver-failures": 0.08067657,
    "optimize-array": 0.08047638,
    "allocate-determ-size": 0.07867467,
    "only-seed": 0.06245928,
    "max-memory": 0.07907505000000001,
    "use-merge": 0.10029518999999999,
    "max-static-cpsolve-pct": 0.08007600000000001,
    "cex-cache-superset": 0.08387961,
    "use-cex-cache": 0.05865567,
    "warnings-only-to-file": 0.06726383999999999,
    "emit-all-errors": 0.06586251,
    "use-construct-hash-stp": 0.07927524000000001,
    "max-stack-frames": 0.07887485999999999,
    "exit-on-error": 0.046243889999999996,
    "use-independent-solver": 0.06366042000000001,
    "smtlib-display-constants": 0.08087675999999999,
    "check-overshift": 0.06526193999999999,
    "max-solver-time": 0.06646308000000001,
    "use-call-paths": 0.07947543,
    "batch-instructions": 0.08067657,
    "disable-internalize": 0.059456430000000005,
    "seed-dir": 0.42119976000000003,
    "use-iterative-deepening-time-search": 0.08067657,
    "output-module": 0.06586251,
    "redzone-size": 0.08047638,
    "output-stats": 0.07987580999999999,
    "search": 1.76267295,
    "array-value-ratio": 0.08107695000000001,
    "smtlib-human-readable": 0.08087675999999999,
    "allocate-determ-start-address": 0.07887485999999999,
    "use-constant-arrays": 0.06466137000000001,
    "use-incomplete-merge": 0.06846498000000001,
    "max-tests": 0.06426098999999999,
    "seed-time": 0.08007600000000001,
    "max-static-fork-pct": 0.08207790000000001,
    "equality-substitution": 0.060257189999999995,
    "readable-posix-inputs": 0.09308835,
    "dump-states-on-halt": 0.0,
    "cex-cache-exp": 0.08087675999999999,
    "always-output-seeds": 0.06586251,
    "check-div-zero": 0.07927524000000001,
    "smtlib-abbreviation-mode": 0.06586251,
    "use-forked-solver": 2.0019,
    "cex-cache-try-all": 0.39857829,
    "array-value-symb-ratio": 0.08067657,
    "named-seed-matching": 0.06506175,
    "return-null-on-zero-malloc": 0.07967562,
    "all-external-warnings": 0.08067657,
    "const-array-opt": 0.07747353,
    "allocate-determ": 0.08027619,
    "klee-call-optimisation": 0.09028569,
    "max-static-cpfork-pct": 0.08568131999999999,
    "silent-klee-assume": 0.07927524000000001,
    "exit-on-error-type": 0.08127714,
    "use-visitor-hash": 0.08127714,
    "suppress-external-warnings": 0.08127714,
    "max-depth": 0.0780741,
    "max-memory-inhibit": 0.08007600000000001,
    "switch-type": 0.07887485999999999,
    "uncovered-update-interval": 0.06726383999999999,
    "max-static-solve-pct": 0.08027619,
    "verify-each": 0.07326954000000001,
    "default": 0.07927524000000001
}