{
    "verify-each": 0.009819109999999999,
    "batch-instructions": 0.010821059999999999,
    "array-value-ratio": 0.018636269999999996,
    "use-branch-cache": 0.010219889999999999,
    "max-stack-frames": 0.0140273,
    "allocate-determ": 0.030659669999999997,
    "seed-time": 0.01522964,
    "max-static-cpfork-pct": 0.10961332999999998,
    "redzone-size": 0.009217939999999999,
    "use-merge": 0.0018035099999999997,
    "exit-on-error": 0.00220429,
    "disable-inlining": 0.00901755,
    "silent-klee-assume": 0.010019499999999999,
    "max-static-solve-pct": 0.027052649999999998,
    "emit-all-errors": 0.009819109999999999,
    "track-instruction-time": 0.01342613,
    "warnings-only-to-file": 0.017433929999999997,
    "output-stats": 0.013025349999999998,
    "zero-seed-extension": 0.010219889999999999,
    "use-construct-hash-stp": 0.011021449999999999,
    "smtlib-display-constants": 0.012424179999999998,
    "disable-verify": 0.01342613,
    "max-depth": 0.013826909999999998,
    "disable-internalize": 0.010821059999999999,
    "search": 2.0039,
    "use-incomplete-merge": 0.009819109999999999,
    "allocate-determ-size": 0.013626519999999998,
    "max-memory-inhibit": 0.017834709999999997,
    "use-fast-cex-solver": 0.025449529999999998,
    "max-tests": 0.011221839999999999,
    "max-static-cpsolve-pct": 0.011622619999999998,
    "smtlib-abbreviation-mode": 0.013025349999999998,
    "equality-substitution": 0.00641248,
    "always-output-seeds": 0.010821059999999999,
    "use-constant-arrays": 0.009217939999999999,
    "readable-posix-inputs": 0.013826909999999998,
    "use-forked-solver": 0.8488520399999999,
    "max-sym-array-size": 0.012023399999999998,
    "use-batching-search": 0.08596730999999999,
    "use-visitor-hash": 0.011021449999999999,
    "klee-call-optimisation": 0.009217939999999999,
    "const-array-opt": 0.013025349999999998,
    "solver-optimize-divides": 0.01823549,
    "batch-time": 0.011622619999999998,
    "named-seed-matching": 0.017433929999999997,
    "suppress-external-warnings": 0.010821059999999999,
    "exit-on-error-type": 0.011221839999999999,
    "smtlib-human-readable": 0.013826909999999998,
    "cex-cache-exp": 0.013626519999999998,
    "return-null-on-zero-malloc": 0.010821059999999999,
    "all-external-warnings": 0.010620669999999999,
    "array-value-symb-ratio": 0.010219889999999999,
    "seed-dir": 0.12524375,
    "output-source": 0.010821059999999999,
    "uncovered-update-interval": 0.019237439999999998,
    "max-static-fork-pct": 0.011021449999999999,
    "use-independent-solver": 0.0,
    "dump-states-on-halt": 0.00220429,
    "check-overshift": 0.010620669999999999,
    "ignore-solver-failures": 0.014428079999999998,
    "only-seed": 0.011422229999999998,
    "output-module": 0.010821059999999999,
    "use-call-paths": 0.017834709999999997,
    "max-memory": 0.011622619999999998,
    "optimize-array": 0.01342613,
    "max-solver-time": 0.010821059999999999,
    "cex-cache-try-all": 0.01983861,
    "switch-type": 0.019037049999999996,
    "cex-cache-superset": 0.011823009999999998,
    "use-cex-cache": 0.0020039,
    "max-forks": 0.75426796,
    "simplify-sym-indices": 0.01342613,
    "check-div-zero": 0.02344563,
    "default": 0.023245239999999997
}