{
    "disable-verify": 0.10227665,
    "max-static-cpsolve-pct": 0.09026765,
    "emit-all-errors": 0.0788591,
    "klee-call-optimisation": 2.0015,
    "always-output-seeds": 0.09106825,
    "max-memory": 0.15131340000000001,
    "exit-on-error-type": 0.1288966,
    "cex-cache-exp": 0.0752564,
    "max-depth": 0.0916687,
    "seed-dir": 0.10928190000000002,
    "smtlib-abbreviation-mode": 0.5482108499999999,
    "use-visitor-hash": 0.712534,
    "dump-states-on-halt": 0.0004003,
    "use-batching-search": 0.1036777,
    "solver-optimize-divides": 0.14230665,
    "max-memory-inhibit": 0.09787335,
    "use-branch-cache": 0.09146855,
    "all-external-warnings": 0.11948955000000001,
    "use-constant-arrays": 0.08006,
    "ignore-solver-failures": 0.1300975,
    "use-iterative-deepening-time-search": 0.22116575000000002,
    "allocate-determ-start-address": 0.0848636,
    "max-stack-frames": 0.0008006,
    "output-module": 0.10447830000000001,
    "check-div-zero": 0.0688516,
    "cex-cache-try-all": 0.1304978,
    "max-solver-time": 0.0740555,
    "seed-time": 0.0744558,
    "use-incomplete-merge": 0.09587185,
    "max-static-cpfork-pct": 0.14951205,
    "allocate-determ": 0.13309975000000002,
    "silent-klee-assume": 0.0924693,
    "redzone-size": 0.0740555,
    "return-null-on-zero-malloc": 0.0744558,
    "max-static-fork-pct": 0.14390785,
    "output-source": 0.0740555,
    "allocate-determ-size": 0.09547155,
    "check-overshift": 0.09026765,
    "exit-on-error": 0.0004003,
    "use-merge": 0.0004003,
    "smtlib-human-readable": 0.07465595,
    "search": 0.47215385,
    "only-seed": 0.07665745,
    "suppress-external-warnings": 0.0688516,
    "optimize-array": 0.15831865,
    "max-tests": 0.1204903,
    "switch-type": 0.07205399999999999,
    "use-construct-hash-stp": 0.08586435,
    "simplify-sym-indices": 0.0916687,
    "readable-posix-inputs": 0.0364273,
    "array-value-symb-ratio": 0.11948955000000001,
    "warnings-only-to-file": 0.07425565,
    "smtlib-display-constants": 0.1316987,
    "max-sym-array-size": 0.0740555,
    "equality-substitution": 0.10107575,
    "zero-seed-extension": 0.07465595,
    "array-value-ratio": 0.1172879,
    "max-static-solve-pct": 0.1012759,
    "use-cex-cache": 0.0,
    "disable-internalize": 0.0196147,
    "track-instruction-time": 0.12009,
    "batch-instructions": 0.09146855,
    "use-independent-solver": 0.0,
    "uncovered-update-interval": 0.07565670000000001,
    "named-seed-matching": 0.11108325000000001,
    "output-stats": 0.07425565,
    "use-forked-solver": 0.15111325,
    "max-forks": 0.13390035,
    "verify-each": 0.00020015,
    "cex-cache-superset": 0.13390035,
    "batch-time": 0.11748805000000001,
    "use-fast-cex-solver": 0.19034265,
    "const-array-opt": 0.07485610000000001,
    "use-call-paths": 0.01180885,
    "default": 0.2429821
}